رقم الفولدر على الموقع,الكود الأصلي,عدد الصور,ملاحظات
l01,429,3,
l02,375,2,
l03,402,1,
l04,366,5,
l05,403,4,
l06,301,2,
l07,365,2,
l08,310,3,
l09,200,4,
l10,110,2,
l11,230,2,كود مكرر - تأكيد لازم من الأونر (منتج مختلف عن الفولدر التاني)
l12,229,4,
l13,231,2,
l14,002,2,
l15,2404,3,
l16,2446,2,
l17,2298,2,
l18,2470,3,
l19,2507,5,
l20,4009,4,
l21,4011,2,
l22,4012,5,
l23,5004,2,
l24,5007,2,
l25,5008,1,
l26,383,4,
l27,404,7,
l28,2018,4,
l29,2013,6,
l30,2022,4,
l31,441,2,
l32,446,4,
l33,445,5,
l34,432,5,
l35,401,4,
l36,391,1,
l37,442,2,
l38,398,1,
l39,196,3,
l40,221,2,
l41,430,2,
l42,409,2,
l43,158,1,
l44,448,8,
l45,385,4,
l46,502,3,
l47,368,9,
l48,501,5,
l49,407,10,
l50,503,10,
l51,230,6,كود مكرر - تأكيد لازم من الأونر (منتج مختلف عن الفولدر التاني)
l52,0203,7,
l53,0217,5,
l54,0246,5,
l55,0183,6,
l56,0245,8,
l57,012,7,
l58,0243,7,
l59,0242,5,
l60,031,8,
l61,058,8,
l62,0181,5,
